text,difficulty,result,sentiment
"Company Adobe. Role Software Engineer. Experience level Mid. Coding Round 1 question Median of Two Sorted Arrays with hard time complexity requirements. Coding Round 2 question Trapping Rain Water using dynamic programming and two pointer approach. Tips focus heavily on DP and array manipulation. Tags Adobe Arrays DP.",Hard,Selected,Positive
"Company Airbnb. Role Backend Engineer. Experience level Senior. System design round on URL shortener discussing database schema hashing algorithms and collision handling. Coding round on Alien Dictionary using topological sort. Tips practice graph traversals and large scale system design.",Hard,Rejected,Negative
"Company Google. Role L4 Engineer. Experience level Mid. DSA round on Course Schedule II focusing on cycle detection in directed graph using DFS. Tips clarify edge cases before coding.",Medium,Selected,Positive
"Company Affirm. Role Full Stack Developer. Experience level Fresher. Technical round question Insert Delete GetRandom O(1) requiring hash map and array based data structure design. Tips know hash maps thoroughly.",Medium,Selected,Positive
"Company Amazon. Role SDE-1. Experience level Fresher. Online assessment on Reorder Data in Log Files involving string manipulation and custom sorting. Tips read problem statement carefully.",Easy,Selected,Positive
"Company Microsoft. Role Software Engineer. Experience level Mid. DSA round question Lowest Common Ancestor of a Binary Tree using recursion. Tips practice tree recursion patterns.",Medium,Selected,Positive
"Company Uber. Role Backend Engineer. Experience level Senior. System design round on designing a rate limiter discussing token bucket and leaky bucket algorithms. Tips focus on scalability and Redis.",Hard,Selected,Positive
"Company Facebook. Role Frontend Engineer. Experience level Mid. Coding round question Flatten Nested List Iterator using stack based design. Tips understand iterators well.",Medium,Selected,Positive
"Company Netflix. Role Senior Engineer. Experience level Senior. System design round on designing a video streaming service focusing on CDN latency and adaptive bitrate streaming. Tips deep networking knowledge required.",Hard,Selected,Positive
"Company Apple. Role iOS Engineer. Experience level Mid. DSA round on Two Sum using hash map for optimal time complexity. Tips optimize space and time.",Easy,Selected,Positive
"Company LinkedIn. Role Backend Engineer. Experience level Mid. Coding round on Max Points on a Line involving geometry and hash maps. Tips be careful with floating point precision.",Hard,Rejected,Negative
"Company Twitter. Role SDE-2. Experience level Mid. System design round on Tweet Search Service discussing inverted index and real time ingestion. Tips understand search engine basics.",Medium,Selected,Positive
"Company Salesforce. Role Software Engineer. Experience level Fresher. Coding round question Valid Parentheses using stack. Tips write clean and readable code.",Easy,Selected,Positive
"Company Oracle. Role Server Technology Engineer. Experience level Mid. DSA round question LRU Cache using doubly linked list and hash map. Tips this is a frequent interview question.",Medium,Selected,Positive
"Company Atlassian. Role Full Stack. Experience level Mid. System design round on rate limiter middleware for APIs discussing sliding window log algorithm. Tips explain design tradeoffs.",Medium,Selected,Positive
"Company DoorDash. Role Backend Engineer. Experience level Mid. Coding round on Employee Free Time using interval merging and sorting. Tips interval problems are common.",Hard,Selected,Positive
"Company Snapchat. Role Android Engineer. Experience level Mid. Coding round on Word Ladder using BFS for shortest transformation. Tips optimize graph traversal.",Hard,Rejected,Negative
"Company Pinterest. Role Data Engineer. Experience level Senior. Coding round on Serialize and Deserialize Binary Tree using BFS and DFS traversal. Tips understand serialization strategies.",Hard,Selected,Positive
"Company Dropbox. Role SDE. Experience level Mid. Coding round question Game of Life involving matrix manipulation in place. Tips solve without extra space.",Medium,Selected,Positive
"Company Zoom. Role Software Engineer. Experience level Fresher. Coding round question Group Anagrams using string sorting and hash map grouping. Tips optimize hash map keys.",Medium,Selected,Positive
"Company Flipkart. Role SDE-1. Experience level Fresher. Machine coding round on designing a Ride Sharing Application with features like add user, add vehicle, offer ride and select ride. Tips focus on clean OOP design and speed.",Hard,Selected,Positive
"Company Goldman Sachs. Role Analyst. Experience level Fresher. Coding round question Trapping Rain Water optimized to O(1) space. Tips practice DP and math based problems.",Medium,Selected,Positive
"Company Goldman Sachs. Role Analyst. Experience level Fresher. Coding round question Run Length Encoding for string compression. Tips be clear with string traversal.",Medium,Selected,Positive
"Company Walmart. Role Software Engineer II. Experience level Mid. DSA round question Spiral Matrix traversal. Tips handle boundaries carefully.",Medium,Selected,Positive
"Company PhonePe. Role Backend Engineer. Experience level Mid. Problem solving round on Minimum Platforms Required using greedy and sorting. Tips master greedy patterns.",Medium,Rejected,Negative
"Company Visa. Role Senior Software Engineer. Experience level Senior. System design round on designing a Payment Gateway with idempotency and ACID properties. Tips focus on security and failure handling.",Hard,Selected,Positive
"Company Paytm. Role SDE-2. Experience level Mid. Coding round question Reverse Linked List in Groups of K. Tips practice pointer manipulation.",Medium,Selected,Positive
"Company MakeMyTrip. Role Backend Developer. Experience level Mid. DSA round question Search in Rotated Sorted Array using modified binary search. Tips revise binary search variants.",Medium,Selected,Positive
"Company Cisco. Role Software Engineer. Experience level Fresher. Technical round question Count Set Bits using Brian Kernighan algorithm. Tips revise bit manipulation.",Easy,Selected,Positive
"Company Samsung. Role R&D Engineer. Experience level Fresher. Advanced coding round on Burst Balloons using dynamic programming. Tips practice DP matrix problems.",Hard,Rejected,Negative
"Company Juspay. Role SDE-1. Experience level Fresher. Hackathon round problem Maximum Weight Node in Graph from Tree of Space challenge. Tips strong graph fundamentals.",Hard,Selected,Positive
"Company Morgan Stanley. Role Technology Analyst. Experience level Fresher. Coding round question Meeting Rooms II using heaps and sorting. Tips know Java collections.",Medium,Selected,Positive
"Company Intuit. Role Software Engineer 2. Experience level Mid. System design round on designing BookMyShow with concurrency handling. Tips understand DB locking.",Hard,Selected,Positive
"Company Expedia. Role SDE II. Experience level Mid. Coding round question Coin Change using unbounded knapsack DP. Tips revise classic DP.",Medium,Selected,Positive
"Company Zoho. Role Software Developer. Experience level Fresher. Advanced programming round on printing Snake Pattern matrix. Tips avoid built-in shortcuts.",Hard,Selected,Positive
"Company Zoho. Role Software Developer. Experience level Fresher. Application development round on designing Railway Reservation System console app. Tips focus on logic clarity.",Hard,Selected,Positive
"Company Nvidia. Role System Software Engineer. Experience level Mid. Technical round question Reverse Bits involving low level operations. Tips strong C and memory concepts.",Medium,Selected,Positive
"Company PayPal. Role SDE-2. Experience level Mid. Coding round question Longest Substring Without Repeating Characters using sliding window. Tips master window technique.",Medium,Selected,Positive
"Company Bloomberg. Role Software Engineer. Experience level Mid. Coding round on Design Underground System using hash maps. Tips clean OOP design.",Medium,Selected,Positive
"Company Salesforce. Role MTS. Experience level Mid. Coding round question Merge Intervals using sorting. Tips practice interval patterns.",Medium,Selected,Positive
"Company ServiceNow. Role Software Engineer. Experience level Fresher. DSA round question Valid Anagram using hashmap or frequency array. Tips revise strings.",Easy,Selected,Positive
"Company Zomato. Role SDE-1. Experience level Fresher. Low level design round on designing Parking Lot system. Tips focus on extensibility.",Medium,Selected,Positive
"Company Swiggy. Role SDE-2. Experience level Mid. Machine coding round on designing Splitwise with debt simplification. Tips think in graphs.",Hard,Selected,Positive
"Company Arcesium. Role Software Engineer. Experience level Fresher. Coding round question Find All Anagrams in a String using sliding window. Tips optimize frequency arrays.",Medium,Rejected,Negative
"Company DE Shaw. Role QAE. Experience level Mid. Coding round question Best Time to Buy and Sell Stock III using DP. Tips DP state clarity.",Hard,Selected,Positive
"Company Tower Research. Role SDE. Experience level Mid. Coding round on Sliding Window Maximum using deque. Tips optimize to O(n).",Hard,Selected,Positive
"Company Sprinklr. Role Product Engineer. Experience level Fresher. Coding round question Minimum Window Substring. Tips prepare for hard LC problems.",Hard,Selected,Positive
"Company Media.net. Role Site Reliability Engineer. Experience level Mid. Coding round question Kth Largest Element using heap or quickselect. Tips know internals.",Medium,Selected,Positive
"Company Qualcomm. Role Engineer. Experience level Fresher. Coding round question Detect Loop in Linked List using Floyd algorithm. Tips revise pointers.",Easy,Selected,Positive
"Company IBM. Role Back End Developer. Experience level Mid. Coding round question Fizz Buzz and basic problems. Tips focus on fundamentals.",Easy,Selected,Positive
"Company Citrix. Role Software Engineer. Experience level Mid. DSA round question Product of Array Except Self using prefix and suffix. Tips handle zero cases.",Medium,Selected,Positive
"Company SAP Labs. Role Developer Associate. Experience level Fresher. Coding round question Palindrome Linked List. Tips stack or reverse half approach.",Medium,Selected,Positive
"Company Grab. Role Backend Engineer. Experience level Senior. System design round on Distributed Key Value Store with consistent hashing. Tips read Dynamo paper.",Hard,Selected,Positive
"Company Gojek. Role Product Engineer. Experience level Mid. Coding round question Construct Binary Tree from traversals. Tips recursion mastery.",Medium,Selected,Positive
"Company ByteDance. Role Software Engineer. Experience level Mid. Coding round question Maximal Square using DP on matrix. Tips DP optimization.",Medium,Rejected,Negative
"Company Shopee. Role Server Engineer. Experience level Mid. Coding round question Intersection of Two Linked Lists. Tips basic DS clarity.",Easy,Selected,Positive
"Company Stripe. Role Backend Engineer. Experience level Mid. Integration round on parsing HTTP headers. Tips focus on validation logic.",Medium,Selected,Positive
"Company Coinbase. Role Software Engineer. Experience level Mid. Coding round on designing Connect 4 game logic. Tips OOP based design.",Medium,Selected,Positive
"Company Robinhood. Role Android Engineer. Experience level Mid. System design round on Stock Price Ticker with real time updates. Tips concurrency handling.",Hard,Selected,Positive
"Company Palantir. Role Forward Deployed Engineer. Experience level New Grad. Decomposition round on Time Based Key Value Store. Tips binary search on timestamps.",Medium,Selected,Positive
"Company Databricks. Role Software Engineer. Experience level Mid. Coding round question Basic Calculator II using stack. Tips operator precedence.",Hard,Selected,Positive
"Company Nutanix. Role MTS. Experience level Mid. Coding round question Jump Game II using greedy. Tips O(n) solution expected.",Medium,Selected,Positive
"Company TCS. Role Systems Engineer. Experience level Fresher. TCS NQT coding round question Sweet Seventeen involving base 17 to decimal conversion. Tips focus on string conversion and math logic.",Easy,Selected,Positive
"Company Infosys. Role Specialist Programmer. Experience level Fresher. HackWithInfy coding round problem Minimum Withdrawals using dynamic programming. Tips practice DP deeply.",Hard,Selected,Positive
"Company Wipro. Role Project Engineer. Experience level Fresher. Coding round question Sort Array by Frequency using hashmap and custom sorting. Tips master frequency based sorting.",Medium,Selected,Positive
"Company Accenture. Role Associate Software Engineer. Experience level Fresher. Coding round question Find GCD of two numbers using Euclidean algorithm. Tips solve easy problems fast.",Easy,Selected,Positive
"Company Cognizant. Role GenC Next. Experience level Fresher. Coding round question ZigZag Conversion involving string pattern logic. Tips practice string manipulation.",Medium,Selected,Positive
"Company CRED. Role Backend Engineer. Experience level Mid. Machine coding round to design a Ledger System handling concurrency and consistency. Tips follow SOLID principles.",Hard,Rejected,Negative
"Company Razorpay. Role SDE-2. Experience level Mid. System design round on Webhook Delivery System with retries and exponential backoff. Tips focus on reliability.",Hard,Selected,Positive
"Company Groww. Role Software Engineer. Experience level Mid. Coding round question Rotate Image by 90 degrees in place. Tips matrix manipulation without extra space.",Medium,Selected,Positive
"Company Zerodha. Role Tech Team. Experience level Mid. Technical discussion on Database Indexing internals like B-Trees vs LSM Trees. Tips understand internals deeply.",Hard,Selected,Positive
"Company Urban Company. Role SDE-1. Experience level Fresher. Machine coding round to design a Task Scheduler handling dependencies. Tips write modular code.",Medium,Selected,Positive
"Company Meesho. Role SDE-2. Experience level Mid. DSA round problem Minimum Cost to Connect Ropes using heap. Tips master priority queues.",Medium,Selected,Positive
"Company Dream11. Role SDE. Experience level Mid. System design round on Real-time Leaderboard using Redis sorted sets. Tips strong Redis concepts.",Medium,Selected,Positive
"Company InMobi. Role SDE-1. Experience level Fresher. Coding round question House Robber using dynamic programming. Tips optimize DP space.",Medium,Selected,Positive
"Company JP Morgan Chase. Role Software Engineer. Experience level Fresher. Coding round question Next Permutation using lexicographical pattern. Tips understand permutations.",Medium,Selected,Positive
"Company Wells Fargo. Role Program Associate. Experience level Fresher. Coding round question Letter Combinations of Phone Number using backtracking. Tips recursion clarity.",Medium,Selected,Positive
"Company Bank of America. Role Senior Tech Associate. Experience level Senior. System design round on Fraud Detection System using Kafka streams. Tips domain knowledge helps.",Hard,Selected,Positive
"Company Barclays. Role BA4 Developer. Experience level Mid. Coding round question Subarray Sum Equals K using prefix sum and hashmap. Tips prefix sum mastery.",Medium,Selected,Positive
"Company Deutsche Bank. Role Analyst. Experience level Fresher. Coding round question Minimum Path Sum using grid dynamic programming. Tips grid DP practice.",Medium,Selected,Positive
"Company Intel. Role Software Engineer. Experience level Mid. Technical round question Single Number using XOR bit manipulation. Tips bitwise tricks.",Easy,Selected,Positive
"Company AMD. Role Design Engineer. Experience level Mid. Coding round question Power of Two using bit manipulation. Tips binary representation.",Easy,Selected,Positive
"Company Dell. Role Software Engineer. Experience level Fresher. Coding round question Remove Duplicates from Sorted Array using two pointers. Tips space optimization.",Easy,Selected,Positive
"Company HP. Role R&D Engineer. Experience level Mid. Coding round question Implement Queue using Stacks. Tips stack to queue conversion.",Easy,Selected,Positive
"Company Honeywell. Role Advanced Software Engineer. Experience level Mid. Coding round question Longest Consecutive Sequence using hashset. Tips avoid sorting.",Medium,Selected,Positive
"Company Siemens. Role Developer. Experience level Mid. Coding round question Climbing Stairs using DP. Tips identify base cases.",Easy,Selected,Positive
"Company Bosch. Role Embedded Engineer. Experience level Mid. Technical round on checking system endianness. Tips low-level memory concepts.",Medium,Selected,Positive
"Company Mercedes-Benz R&D. Role Software Engineer. Experience level Mid. Coding round question Shortest Path in Binary Matrix using BFS. Tips pathfinding algorithms.",Medium,Selected,Positive
"Company ShareChat. Role Backend Engineer. Experience level Mid. System design round on designing News Feed with caching strategies. Tips Redis discussion.",Hard,Selected,Positive
"Company Udaan. Role Product Engineer. Experience level Mid. Machine coding round to design in-memory message queue with concurrency. Tips thread safety.",Hard,Rejected,Negative
"Company Capgemini. Role Senior Analyst. Experience level Mid. Coding round question Balanced Parentheses using stack. Tips standard stack patterns.",Easy,Selected,Positive
"Company Mindtree. Role Engineer. Experience level Fresher. Coding round on Hollow Diamond pattern printing. Tips loop logic.",Easy,Selected,Positive
"Company L&T Infotech. Role Software Engineer. Experience level Mid. Coding round question Remove Nth Node From End using two pointers. Tips linked list mastery.",Medium,Selected,Positive
"Company Deloitte. Role Analyst. Experience level Fresher. Coding round question Find Missing Number using sum or XOR. Tips avoid overflow.",Easy,Selected,Positive
"Company HCL Tech. Role Developer. Experience level Mid. Coding round question Intersection of Two Arrays using hashsets. Tips collections framework.",Easy,Selected,Positive
"Company Fidelity Investments. Role Software Engineer. Experience level Mid. DSA round question Search a 2D Matrix using binary search. Tips binary search variants.",Medium,Selected,Positive
"Company BlackRock. Role Analyst. Experience level Fresher. Coding round question Stock Span using monotonic stack. Tips stack patterns.",Medium,Selected,Positive
"Company UBS. Role IT Analyst. Experience level Mid. Coding round question Longest Common Subsequence using DP. Tips string DP.",Medium,Selected,Positive
"Company Citi. Role App Dev Manager. Experience level Senior. System design round on Notification Service using message queues. Tips Kafka or RabbitMQ.",Medium,Selected,Positive
"Company American Express. Role Engineer III. Experience level Mid. Coding round question Container With Most Water using two pointers. Tips greedy logic.",Medium,Selected,Positive
"Company Myntra. Role Software Engineer. Experience level Mid. Coding round question Top K Frequent Elements using heap or bucket sort. Tips heap mastery.",Medium,Selected,Positive
"Company Nykaa. Role SDE-2. Experience level Mid. DSA round question Sort Colors using Dutch National Flag algorithm. Tips in-place sorting.",Medium,Selected,Positive
"Company Amazon. Role SDE-1. Experience level Fresher. OA round question Critical Connections in a Network using Tarjan's algorithm for bridges. Tips The graph problem was very hard and I ran out of time.",Hard,Rejected,Negative 
"Company Google. Role Software Engineer. Experience level Mid. Onsite round question Median of Two Sorted Arrays using binary search. Tips Struggled with edge cases and the interviewer was not very helpful.",Hard,Rejected,Negative
 "Company Meta. Role Production Engineer. Experience level Mid. Coding round question Regular Expression Matching using dynamic programming. Tips Recursive solution TLEd, couldn't optimize to DP in time.",Hard,Rejected,Negative 
"Company Netflix. Role Senior Software Engineer. Experience level Senior. System Design round question Design a Distributed Key-Value Store using consistent hashing and gossip protocol. Tips Deep dive into internals was brutal, expected paper-level knowledge.",Hard,Rejected,Negative
 "Company Uber. Role Backend Engineer. Experience level Mid. Machine Coding round question Design a Ride Matching Algorithm using geospatial indexing. Tips Code structure was messy due to time pressure.",Hard,Rejected,Negative
 "Company Microsoft. Role SDE-2. Experience level Mid. System Design round question Design a Web Crawler using BFS and polite constraints. Tips Focused too much on breadth instead of depth, interviewer seemed unimpressed.",Medium,Rejected,Negative
 "Company LinkedIn. Role UI Engineer. Experience level Mid. Coding round question Text Justification using greedy approach with string manipulation. Tips Very tedious to implement, lots of bugs during dry run.",Hard,Rejected,Negative 
"Company Apple. Role ICT. Experience level Fresher. Coding round question Sudoku Solver using backtracking. Tips Backtracking logic was correct but code was too slow, needed bitmask optimization.",Medium,Rejected,Negative 
"Company Twitter. Role Site Reliability Engineer. Experience level Mid. Coding round question Sliding Window Maximum using monotonic queue (deque). Tips Forgot the deque approach and used a heap, which was O(n log n) instead of O(n).",Hard,Rejected,Negative 
"Company Salesforce. Role MTS. Experience level Mid. Coding round question Alien Dictionary using topological sort. Tips Confused the graph construction part and couldn't recover.",Hard,Rejected,Negative
 "Company Adobe. Role Member of Technical Staff. Experience level Fresher. Coding round question Palindrome Partitioning II using dynamic programming. Tips Couldn't derive the state transition equation.",Hard,Rejected,Negative
 "Company Intuit. Role Senior Software Engineer. Experience level Senior. System Design round question Design an E-commerce Checkout System using distributed transactions. Tips Failed to handle the distributed locking mechanism correctly.",Hard,Rejected,Negative
 "Company Oracle. Role Server Technology. Experience level Mid. Coding round question Copy List with Random Pointer using hash map and interleaving. Tips Pointer manipulation got very confusing.",Medium,Rejected,Negative
 "Company PayPal. Role SDE-2. Experience level Mid. Coding round question Word Break II using recursion with memoization. Tips TLE on large test cases, needed better pruning.",Hard,Rejected,Negative
 "Company Cisco. Role Software Engineer. Experience level Fresher. Technical round question Reverse Nodes in k-Group using iterative linked list reversal. Tips Got stuck on the edge case where the last group is smaller than k.",Medium,Rejected,Negative
 "Company Walmart. Role SDE-3. Experience level Senior. System Design round question Design a Warehouse Management System using microservices. Tips Struggled to explain how to handle race conditions in inventory.",Medium,Rejected,Negative
 "Company Flipkart. Role SDE-1. Experience level Fresher. Machine Coding round question Design Snakes and Ladders using object-oriented principles. Tips Failed the modularity check, code was too monolithic.",Hard,Rejected,Negative
 "Company Paytm. Role Backend Developer. Experience level Mid. Coding round question Largest Rectangle in Histogram using stack. Tips Forgot the stack based approach completely.",Medium,Rejected,Negative 
"Company Zomato. Role SDE-2. Experience level Mid. LLD round question Design a Food Delivery App using state design pattern. Tips Design was not extensible enough for new features.",Medium,Rejected,Negative
 "Company Swiggy. Role SDE-1. Experience level Fresher. Coding round question Burn the Binary Tree using graph BFS. Tips Could not convert the tree to a graph representation in time.",Hard,Rejected,Negative 
"Company Ola. Role SDE-1. Experience level Fresher. Coding round question Minimum Number of Refueling Stops using max heap greedy. Tips Used DP which was O(N^2) instead of the required greedy O(N log N).",Hard,Rejected,Negative
 "Company CRED. Role Backend Engineer. Experience level Mid. Machine Coding round question Design a Expense Sharing App using concurrency handling. Tips Test cases failed due to thread synchronization issues.",Hard,Rejected,Negative
 "Company Razorpay. Role Senior Engineer. Experience level Senior. System Design round question Design a Payment Reconciliation System using batch processing. Tips Failed to account for double counting in corner cases.",Hard,Rejected,Negative
 "Company Zerodha. Role Tech Team. Experience level Mid. Technical round question Implement a Custom Garbage Collector using mark and sweep. Tips Question was too low-level, had no idea where to start.",Hard,Rejected,Negative
 "Company PhonePe. Role Software Engineer. Experience level Mid. Coding round question Count of Range Sum using merge sort. Tips The logic was extremely complex to implement in 45 minutes.",Hard,Rejected,Negative
 "Company Byju's. Role Ruby Developer. Experience level Mid. Coding round question LFU Cache using double linked list and hash maps. Tips Design was correct but implementation had too many bugs.",Hard,Rejected,Negative
 "Company Unacademy. Role Backend Engineer. Experience level Mid. System Design round question Design a Live Class Polling System using websockets. Tips Underestimated the load balancing aspect.",Medium,Rejected,Negative
 "Company Udaan. Role Product Engineer. Experience level Mid. Machine Coding round question Design a Parking Lot using strategy pattern. Tips Code was working but not clean enough according to their standards.",Hard,Rejected,Negative
 "Company ShareChat. Role Data Engineer. Experience level Mid. Coding round question Wildcard Matching using 2D dynamic programming. Tips Missed the initialization case for the DP table.",Hard,Rejected,Negative 
"Company MPL. Role SDE-2. Experience level Mid. System Design round question Design a Real-time Multiplayer Game using UDP vs TCP. Tips Chose TCP for real-time which was the wrong trade-off.",Medium,Rejected,Negative
 "Company Dream11. Role SDE-1. Experience level Fresher. Coding round question Burst Balloons using matrix chain multiplication DP. Tips Completely blanked out on the recurrence relation.",Hard,Rejected,Negative 
"Company Juspay. Role SDE-1. Experience level Fresher. Hackathon round question Tree of Space using n-ary tree locking logic. Tips The thread safety requirement for locking nodes was very tricky.",Hard,Rejected,Negative
 "Company Media.net. Role Site Reliability Engineer. Experience level Mid. Coding round question Word Search II using Trie and backtracking. Tips TLE because I didn't optimize the Trie pruning.",Hard,Rejected,Negative
 "Company Tower Research. Role Quantitative Developer. Experience level Mid. Coding round question Skyline Problem using divide and conquer. Tips The merge step was too complicated to debug.",Hard,Rejected,Negative 
"Company DE Shaw. Role QAE. Experience level Mid. Coding round question Scramble String using 3D memoization. Tips This is one of the hardest DP problems, couldn't solve it.",Hard,Rejected,Negative
 "Company Arcesium. Role Software Engineer. Experience level Fresher. Coding round question Maximal Rectangle using histogram logic. Tips Struggled to reuse the logic from largest rectangle in histogram.",Medium,Rejected,Negative 
"Company Goldman Sachs. Role Analyst. Experience level Fresher. Coding round question Median in a Stream using two heaps. Tips Got confused balancing the min-heap and max-heap.",Medium,Rejected,Negative
 "Company Morgan Stanley. Role Technology Associate. Experience level Mid. Coding round question Design Twitter using hash maps and heaps. Tips Design was okay but couldn't write the full working code in time.",Medium,Rejected,Negative
 "Company JPMC. Role Software Engineer. Experience level Fresher. Coding round question Merge k Sorted Lists using min-heap. Tips Java PriorityQueue syntax error cost me time.",Medium,Rejected,Negative
 "Company Wells Fargo. Role Program Associate. Experience level Fresher. Coding round question Course Schedule using cycle detection. Tips Failed to handle the disconnected graph case.",Medium,Rejected,Negative
"Company Google. Role Software Engineer. Experience level Mid. Coding round question Find Median from Data Stream using two heaps. I explained the approach but struggled implementing heap balancing correctly under pressure. Interviewer pointed out edge cases which I missed. Time ran out before a working solution.",Hard,Rejected,Negative
"Company Amazon. Role SDE-2. Experience level Mid. System design round on designing a scalable notification service. I covered basic architecture but failed to justify retry strategies and idempotency clearly. Interviewer expected deeper discussion on failure handling.",Hard,Rejected,Negative
"Company Microsoft. Role SDE-1. Experience level Fresher. Coding round question Merge Intervals. Approach was correct but code had multiple bugs during dry run. Nervousness caused simple mistakes.",Medium,Rejected,Negative
"Company Meta. Role Software Engineer. Experience level Mid. Coding round on LRU Cache. I knew the concept but pointer manipulation in doubly linked list got confusing. Could not complete implementation.",Hard,Rejected,Negative
"Company Uber. Role Backend Engineer. Experience level Mid. System design round on designing a ride matching service. I focused too much on APIs and skipped data consistency issues. Interviewer expected stronger reasoning on geo indexing.",Hard,Rejected,Negative
"Company Netflix. Role Senior Engineer. Experience level Senior. System design round on distributed logging system. I underestimated scale and failed to address backpressure and storage costs.",Hard,Rejected,Negative
"Company LinkedIn. Role Backend Engineer. Experience level Mid. Coding round question Word Ladder. I attempted BFS but implementation was inefficient and resulted in TLE during discussion.",Hard,Rejected,Negative
"Company Apple. Role Software Engineer. Experience level Mid. Coding round question Regular Expression Matching. I identified DP but could not derive correct state transitions.",Hard,Rejected,Negative
"Company Salesforce. Role MTS. Experience level Mid. Coding round on Alien Dictionary. Graph construction was incorrect and I confused indegree calculation.",Hard,Rejected,Negative
"Company Oracle. Role Software Engineer. Experience level Mid. Coding round question Copy List with Random Pointer. Logic was explained but implementation had pointer errors.",Medium,Rejected,Negative
"Company PayPal. Role Backend Engineer. Experience level Mid. Coding round question Word Break II. Recursive solution worked but had exponential complexity. I couldn't optimize with memoization in time.",Hard,Rejected,Negative
"Company Cisco. Role Software Engineer. Experience level Fresher. Coding round question Reverse Nodes in K Group. Missed the edge case when remaining nodes are less than k.",Medium,Rejected,Negative
"Company Flipkart. Role SDE-1. Experience level Fresher. Machine coding round to design Snake and Ladder game. Code was functional but not modular and failed LLD evaluation.",Hard,Rejected,Negative
"Company PhonePe. Role Backend Engineer. Experience level Mid. Coding round question Count of Range Sum. I knew merge sort approach but implementation complexity overwhelmed me.",Hard,Rejected,Negative
"Company CRED. Role Backend Engineer. Experience level Mid. Machine coding round to design expense sharing system. Concurrency handling was weak and race conditions were pointed out.",Hard,Rejected,Negative
"Company Swiggy. Role SDE-2. Experience level Mid. Coding round on Burn Binary Tree. I struggled converting tree to graph and BFS logic remained incomplete.",Hard,Rejected,Negative
"Company Razorpay. Role Software Engineer. Experience level Senior. System design round on payment reconciliation. I failed to consider duplicate events and eventual consistency.",Hard,Rejected,Negative
"Company Zomato. Role Backend Engineer. Experience level Mid. LLD round on food delivery app. Design worked but lacked extensibility and clean abstractions.",Medium,Rejected,Negative
"Company Goldman Sachs. Role Analyst. Experience level Fresher. Coding round question Median in a Stream. Heap balancing logic was confusing and solution remained partial.",Medium,Rejected,Negative
"Company Tower Research. Role SDE. Experience level Mid. Coding round on Sliding Window Maximum. I used heap instead of deque leading to inefficient solution.",Hard,Rejected,Negative
"Company Google. Role Software Engineer. Experience level Fresher. Coding round question Longest Substring Without Repeating Characters. I explained sliding window but implementation had index handling bugs and interviewer had to intervene.",Medium,Rejected,Negative
"Company Amazon. Role SDE-1. Experience level Fresher. Coding round question Two Sum in sorted array. I initially used hash map instead of two pointers and wasted time correcting approach.",Easy,Rejected,Negative
"Company Microsoft. Role Software Engineer. Experience level Mid. System design round on URL Shortener. I missed discussion on database sharding and rate limiting.",Medium,Rejected,Negative
"Company Meta. Role Software Engineer. Experience level Mid. Coding round question Kth Largest Element in Array. I used sorting instead of heap and could not optimize when prompted.",Medium,Rejected,Negative
"Company Uber. Role Backend Engineer. Experience level Mid. Coding round question Course Schedule. I confused DFS cycle detection logic and produced incorrect result.",Medium,Rejected,Negative
"Company Netflix. Role Senior Engineer. Experience level Senior. System design round on video streaming service. I underestimated CDN role and buffering strategies.",Hard,Rejected,Negative
"Company LinkedIn. Role Software Engineer. Experience level Mid. Coding round question Merge K Sorted Lists. I knew heap approach but syntax mistakes slowed me down.",Hard,Rejected,Negative
"Company Apple. Role Software Engineer. Experience level Mid. Coding round question Maximum Product Subarray. I struggled handling negative numbers and edge cases.",Medium,Rejected,Negative
"Company Salesforce. Role Software Engineer. Experience level Fresher. Coding round question Valid Parentheses. Solution was correct but interviewer expected cleaner explanation and edge case handling.",Easy,Rejected,Negative
"Company Oracle. Role Software Engineer. Experience level Mid. Coding round question Detect Cycle in Linked List. I explained Floyd’s algorithm but failed to code it correctly.",Easy,Rejected,Negative
"Company Paytm. Role Backend Engineer. Experience level Mid. Machine coding round to design wallet system. I failed to properly separate concerns and business logic.",Hard,Rejected,Negative
"Company Cisco. Role Software Engineer. Experience level Mid. Coding round question Lowest Common Ancestor of Binary Tree. Recursion logic was partially incorrect.",Medium,Rejected,Negative
"Company Flipkart. Role SDE-2. Experience level Mid. Coding round question Next Greater Element. I attempted brute force initially and optimized too late.",Medium,Rejected,Negative
"Company PhonePe. Role Backend Engineer. Experience level Mid. System design round on UPI transaction flow. I missed timeout handling and duplicate transaction prevention.",Hard,Rejected,Negative
"Company CRED. Role Software Engineer. Experience level Mid. Coding round question Subarray Sum Equals K. Prefix sum logic was correct but implementation had off-by-one error.",Medium,Rejected,Negative
"Company Swiggy. Role SDE-1. Experience level Fresher. Coding round question Binary Tree Level Order Traversal. Code worked but explanation lacked clarity.",Easy,Rejected,Negative
"Company Razorpay. Role Backend Engineer. Experience level Mid. Coding round question Design Hit Counter. I failed to optimize memory usage when scale increased.",Medium,Rejected,Negative
"Company Zomato. Role Software Engineer. Experience level Mid. Coding round question Find Duplicate Number. I used extra space instead of Floyd’s cycle method.",Medium,Rejected,Negative
"Company Goldman Sachs. Role Analyst. Experience level Fresher. Coding round question Maximum Subarray Sum. I knew Kadane’s algorithm but explanation was weak.",Easy,Rejected,Negative
"Company Atlassian. Role Software Engineer. Experience level Mid. Coding round question Implement Trie. Implementation was incomplete and lacked delete operation discussion.",Medium,Rejected,Negative
"Company Google. Role Software Engineer. Experience level Mid. Coding round question Count of Smaller Numbers After Self using Merge Sort or BIT. Tips I used a brute force O(N^2) approach and it TLEd immediately.",Hard,Rejected,Negative
"Company Amazon. Role SDE-2. Experience level Mid. System Design round question Design a Package Tracking System using DynamoDB. Tips I messed up the partition key selection leading to hot partitions.",Medium,Rejected,Negative
"Company Meta. Role E4. Experience level Mid. Coding round question Minimum Window Substring using sliding window. Tips My window contraction logic had an off-by-one error I couldn't fix.",Hard,Rejected,Negative
"Company Netflix. Role Senior Engineer. Experience level Senior. System Design round question Design a Global Leaderboard using Redis. Tips Failed to explain how to handle consistency across multi-region replication.",Hard,Rejected,Negative
"Company Apple. Role ICT. Experience level Fresher. Coding round question Word Search II using Trie and DFS. Tips The recursion depth was too deep and I hit a stack overflow.",Hard,Rejected,Negative
"Company Microsoft. Role SDE-1. Experience level Fresher. Coding round question Alien Dictionary using Topological Sort. Tips I couldn't handle the case where the dictionary is invalid (cycle exists).",Medium,Rejected,Negative
"Company Uber. Role Backend Engineer. Experience level Mid. Machine Coding round question Design a Food Delivery System using multi-threading. Tips My solution had a deadlock condition during the concurrency test.",Hard,Rejected,Negative
"Company Lyft. Role Software Engineer. Experience level Mid. Coding round question Key Value Store with Transactions using stack of hashmaps. Tips Implementation was too slow and I didn't finish the commit/rollback logic.",Medium,Rejected,Negative
"Company Airbnb. Role Full Stack. Experience level Mid. Coding round question Text Justification using greedy string packing. Tips It requires very precise index tracking; I had bugs in the last line padding.",Hard,Rejected,Negative
"Company Stripe. Role Backend Engineer. Experience level Mid. Integration round question Parse Payment Headers using string parsing. Tips I missed a crucial edge case where the header value contained delimiters.",Medium,Rejected,Negative
"Company Coinbase. Role SDE-2. Experience level Mid. Coding round question Currency Exchange using Floyd Warshall. Tips I used BFS which was inefficient for finding the best rate path.",Medium,Rejected,Negative
"Company DoorDash. Role Backend. Experience level Mid. Coding round question Dasher Scheduling using Max Flow Min Cut. Tips I identified it as a graph problem but couldn't recall the specific algorithm.",Hard,Rejected,Negative
"Company Pinterest. Role Data Engineer. Experience level Mid. Coding round question Serialize and Deserialize N-ary Tree using DFS. Tips My delimiter choice caused issues when the data itself contained that character.",Medium,Rejected,Negative
"Company Snap. Role Android Engineer. Experience level Mid. Coding round question LRU Cache using LinkedHashMap. Tips I tried to implement the Doubly Linked List from scratch and ran out of time.",Medium,Rejected,Negative
"Company LinkedIn. Role UI Engineer. Experience level Mid. Machine Coding round question Build a Comment Section using vanilla JS. Tips My DOM manipulation was inefficient and caused lag on large lists.",Medium,Rejected,Negative
"Company Twitter. Role SDE-2. Experience level Mid. System Design round question Design a Trending Topics Service using Count-Min Sketch. Tips I had never heard of probabilistic data structures like Count-Min Sketch.",Hard,Rejected,Negative
"Company Dropbox. Role SDE. Experience level Mid. Coding round question Game of Life using in-place matrix mutation. Tips I used extra space because I couldn't figure out the bit-masking trick.",Medium,Rejected,Negative
"Company Salesforce. Role MTS. Experience level Mid. Coding round question Merge Intervals using sorting. Tips I forgot to handle the case where one interval completely swallows another.",Easy,Rejected,Negative
"Company Adobe. Role Member of Technical Staff. Experience level Fresher. Coding round question Dungeon Game using bottom-up DP. Tips I tried top-down recursion and couldn't handle the memoization logic.",Hard,Rejected,Negative
"Company Oracle. Role OCI. Experience level Mid. Coding round question Reorder List using linked list manipulation. Tips Breaking the list and reversing the second half was trickier than I thought.",Medium,Rejected,Negative
"Company Atlassian. Role Senior Engineer. Experience level Senior. System Design round question Design a Rate Limiter using token bucket. Tips I couldn't explain how to synchronize the counter in a distributed environment.",Medium,Rejected,Negative
"Company Flipkart. Role SDE-1. Experience level Fresher. Machine Coding round question Design an Inventory Management System using Java. Tips My code was not modular; I put everything in the main class.",Medium,Rejected,Negative
"Company Swiggy. Role SDE-2. Experience level Mid. Coding round question Minimum Number of Platforms using greedy sorting. Tips I sorted only arrival times and forgot to sort departure times.",Medium,Rejected,Negative
"Company Zomato. Role Backend. Experience level Mid. LLD round question Design a Movie Ticket Booking Schema using SQL. Tips I didn't normalize the tables properly, leading to data redundancy.",Medium,Rejected,Negative
"Company Paytm. Role SDE-2. Experience level Mid. Coding round question Trapping Rain Water using two pointers. Tips I couldn't prove why the two-pointer approach works and the interviewer was skeptical.",Medium,Rejected,Negative
"Company Razorpay. Role Senior SDE. Experience level Senior. System Design round question Design a Webhook Retry Mechanism using exponential backoff. Tips I didn't account for the thundering herd problem.",Hard,Rejected,Negative
"Company CRED. Role Backend. Experience level Mid. Machine Coding round question Design a SPLITWISE clone using concurrency. Tips My solution failed the thread-safety unit tests.",Hard,Rejected,Negative
"Company Udaan. Role SDE-2. Experience level Mid. Coding round question Median of Data Stream using two heaps. Tips I used a sorted list which made insertion O(N) instead of O(log N).",Medium,Rejected,Negative
"Company Meesho. Role SDE-1. Experience level Fresher. Coding round question Longest Palindromic Substring using expansion from center. Tips I missed the case for even length palindromes.",Medium,Rejected,Negative
"Company PhonePe. Role SDE-1. Experience level Fresher. Coding round question 0/1 Knapsack using DP. Tips I messed up the initialization of the DP table with -1.",Medium,Rejected,Negative
"Company Urban Company. Role SDE-2. Experience level Mid. LLD round question Design a Service Booking App using state patterns. Tips I used too many if-else conditions instead of polymorphism.",Medium,Rejected,Negative
"Company Groww. Role SDE. Experience level Mid. Coding round question Search in Rotated Sorted Array using binary search. Tips I struggled to determine which half was sorted.",Medium,Rejected,Negative
"Company Zerodha. Role Tech Team. Experience level Mid. Technical Discussion round question PostgreSQL vs MySQL Internals using MVCC. Tips I lacked depth on how MVCC actually works at the storage level.",Hard,Rejected,Negative
"Company Dream11. Role SDE. Experience level Mid. System Design round question Design a Fantasy Scoring Engine using stream processing. Tips I underestimated the latency requirements for real-time scoring.",Medium,Rejected,Negative
"Company InMobi. Role SDE-1. Experience level Fresher. Coding round question Unique Paths II using DP with obstacles. Tips I didn't handle the case where the start or end point is an obstacle.",Medium,Rejected,Negative
"Company Cure.fit. Role Backend. Experience level Mid. Coding round question Edit Distance using DP. Tips I couldn't visualize the 2D matrix transition.",Hard,Rejected,Negative
"Company Hotstar. Role SDE-2. Experience level Mid. System Design round question Design a Live Sports Streaming Service using CDN. Tips Failed to discuss HLS/DASH protocols and bitrate adaptation.",Hard,Rejected,Negative
"Company Jio. Role SDE. Experience level Fresher. Coding round question Valid Parentheses using stack. Tips I forgot to check if the stack was empty before popping.",Easy,Rejected,Negative
"Company TCS. Role Digital. Experience level Fresher. Coding round question Matrix Multiplication using arrays. Tips I printed the output in the wrong format and the automated test case failed.",Easy,Rejected,Negative
"Company Infosys. Role Power Programmer. Experience level Fresher. Coding round question Longest Increasing Subsequence using binary search. Tips I only knew the O(N^2) DP solution, they wanted O(N log N).",Medium,Rejected,Negative
"Company Wipro. Role Turbo. Experience level Fresher. Coding round question Spiral Matrix Traversal using simulation. Tips My index out of bounds checks were incorrect.",Easy,Rejected,Negative
"Company Accenture. Role ASE. Experience level Fresher. Coding round question Rat in a Maze using backtracking. Tips My base condition for the recursion was wrong causing infinite loop.",Medium,Rejected,Negative
"Company Cognizant. Role GenC Next. Experience level Fresher. Coding round question String Compression using two pointers. Tips I forgot to handle single character counts.",Easy,Rejected,Negative
"Company IBM. Role Developer. Experience level Fresher. Coding round question FizzBuzz using modular arithmetic. Tips I put the 'FizzBuzz' condition last instead of first.",Easy,Rejected,Negative
"Company Goldman Sachs. Role Analyst. Experience level Fresher. Coding round question Best Time to Buy and Sell Stock using one pass. Tips I tried a nested loop approach which timed out.",Easy,Rejected,Negative
"Company JP Morgan. Role Associate. Experience level Mid. Coding round question Group Anagrams using prime factorization. Tips The product of primes overflowed the integer limit.",Medium,Rejected,Negative
"Company Morgan Stanley. Role Technology Associate. Experience level Mid. Coding round question Sort Colors using one pass. Tips I used a standard sort function instead of the required Dutch National Flag algorithm.",Medium,Rejected,Negative
"Company Wells Fargo. Role Analyst. Experience level Fresher. Coding round question Coin Change using DP. Tips I initialized the array with 0 instead of infinity.",Medium,Rejected,Negative
"Company Bank of America. Role Developer. Experience level Mid. Coding round question Intersection of Two Arrays II using hashmaps. Tips I ignored the constraint about disk storage if arrays are too large.",Medium,Rejected,Negative
"Company Citi. Role App Dev. Experience level Mid. Coding round question Product of Array Except Self using prefix/suffix. Tips I used division which was explicitly forbidden.",Medium,Rejected,Negative
"Company Deutsche Bank. Role Analyst. Experience level Fresher. Coding round question Search Insert Position using binary search. Tips I returned the wrong index for the insertion point.",Easy,Rejected,Negative
"Company Barclays. Role BA4. Experience level Mid. Coding round question Longest Substring Without Repeating Characters using sliding window. Tips I forgot to update the start pointer correctly.",Medium,Rejected,Negative
"Company BlackRock. Role Analyst. Experience level Fresher. Coding round question Valid Anagram using sorting. Tips I didn't ask if the input contained unicode characters.",Easy,Rejected,Negative
"Company Visa. Role Sr. Software Engineer. Experience level Senior. System Design round question Design a Card Processing System using idempotency. Tips I couldn't explain how to handle double charging scenarios.",Hard,Rejected,Negative
"Company PayPal. Role SDE-2. Experience level Mid. Coding round question Partition Equal Subset Sum using DP. Tips I tried a greedy approach which doesn't work for this problem.",Medium,Rejected,Negative
"Company Mastercard. Role Software Engineer. Experience level Mid. Coding round question String to Integer (atoi) using parsing. Tips I missed the overflow check for INT_MAX.",Medium,Rejected,Negative
"Company American Express. Role Engineer. Experience level Mid. Coding round question 3Sum using two pointers. Tips I couldn't handle duplicate triplets in the result set.",Medium,Rejected,Negative
"Company Fidelity. Role SDE. Experience level Mid. Coding round question Find First and Last Position of Element using binary search. Tips I wrote two binary searches but implemented the 'Last Position' one incorrectly.",Medium,Rejected,Negative
"Company UBS. Role IT Analyst. Experience level Fresher. Coding round question Reverse Words in a String using string builder. Tips I forgot to remove the extra spaces between words.",Medium,Rejected,Negative
"Company Tower Research. Role Quant Dev. Experience level Mid. Coding round question Largest Rectangle in Histogram using stack. Tips I couldn't derive the O(N) solution, stuck on O(N^2).",Hard,Rejected,Negative
"Company DE Shaw. Role QAE. Experience level Mid. Coding round question Egg Dropping Puzzle using DP. Tips I had no idea about the mathematical optimization for this puzzle.",Hard,Rejected,Negative
"Company Arcesium. Role SDE. Experience level Fresher. Coding round question Race Car using BFS. Tips The state space for BFS was huge and I didn't prune visited states.",Hard,Rejected,Negative
"Company Samsung. Role R&D. Experience level Fresher. Coding round question Burst Balloons using DP. Tips It was a 3-hour test and I still couldn't figure out the subproblems.",Hard,Rejected,Negative
"Company Media.net. Role SDE. Experience level Mid. Coding round question Word Break using Trie. Tips I implemented the Trie but forgot the backtracking part.",Hard,Rejected,Negative
"Company Directi. Role SDE. Experience level Fresher. Coding round question Chef and his feedback using string matching. Tips I used a naive string match instead of KMP or Rabin-Karp.",Hard,Rejected,Negative
"Company Sprinklr. Role Product Engineer. Experience level Fresher. Coding round question Sliding Window Maximum using Deque. Tips I implemented the Deque logic but kept getting IndexOutOfBounds.",Hard,Rejected,Negative
"Company Nutanix. Role MTS. Experience level Mid. Coding round question Jump Game II using greedy. Tips I tried DP which was O(N^2) and they wanted O(N).",Medium,Rejected,Negative
"Company Cohesity. Role SDE. Experience level Mid. Coding round question Kth Largest Element in Stream using Min-Heap. Tips I used a Max-Heap by mistake and the logic fell apart.",Medium,Rejected,Negative
"Company Rubrik. Role SDE. Experience level Mid. Coding round question Regular Expression Matching using recursion. Tips My recursion didn't handle the '*' wildcard correctly.",Hard,Rejected,Negative
"Company Databricks. Role SDE. Experience level Mid. Coding round question Closest Leaf in a Binary Tree using graph conversion. Tips I failed to convert the parent pointers correctly.",Hard,Rejected,Negative
"Company Snowflake. Role Software Engineer. Experience level Mid. Coding round question Patching Array using greedy. Tips I couldn't spot the greedy pattern and tried a complex subset sum approach.",Hard,Rejected,Negative
"Company Palantir. Role FDE. Experience level New Grad. Coding round question Maximal Square using DP. Tips I tried to solve it using recursion without memoization.",Medium,Rejected,Negative
"Company Tesla. Role Software Engineer. Experience level Mid. Coding round question Asteroid Collision using stack. Tips I missed the condition where both asteroids destroy each other.",Medium,Rejected,Negative
"Company SpaceX. Role Software Engineer. Experience level Mid. Coding round question Number of Islands using DFS. Tips I caused a stack overflow because the grid was too large.",Medium,Rejected,Negative
"Company Cruise. Role Backend. Experience level Mid. Coding round question Robot Room Cleaner using backtracking. Tips Coordinate mapping relative to the robot was very confusing.",Hard,Rejected,Negative
"Company Waymo. Role Perception Engineer. Experience level Senior. Coding round question Skyline Problem using divide and conquer. Tips Code was too messy and I couldn't debug the merge step.",Hard,Rejected,Negative
"Company Nuro. Role SDE. Experience level Mid. Coding round question Text Justification using greedy. Tips I spent too much time on the edge case of the last line.",Hard,Rejected,Negative
"Company Cloudflare. Role Systems Engineer. Experience level Mid. Coding round question Serialize Binary Search Tree using preorder. Tips I tried to use level order which made deserialization harder.",Medium,Rejected,Negative
"Company Twilio. Role Backend. Experience level Mid. Coding round question Letter Combinations of Phone Number using recursion. Tips I hardcoded the mapping and made a typo.",Medium,Rejected,Negative
"Company Okta. Role SDE. Experience level Mid. Coding round question Decode Ways using DP. Tips I didn't handle the case where '0' appears in the string.",Medium,Rejected,Negative
"Company Slack. Role Backend. Experience level Mid. System Design round question Design a Chat System using WebSockets. Tips I focused too much on the database schema and ignored the real-time aspect.",Medium,Rejected,Negative
"Company Zoom. Role Client Engineer. Experience level Mid. Coding round question Meeting Rooms II using min-heap. Tips I sorted by end time instead of start time.",Medium,Rejected,Negative
"Company Cisco. Role Network Engineer. Experience level Fresher. Coding round question Restore IP Addresses using backtracking. Tips I couldn't figure out the valid range constraints for IP octets.",Medium,Rejected,Negative
"Company Juniper Networks. Role SDE. Experience level Mid. Coding round question Binary Tree Right Side View using BFS. Tips I used DFS and printed the wrong nodes for some skewed trees.",Easy,Rejected,Negative
"Company VMware. Role MTS. Experience level Mid. Coding round question Validate Binary Search Tree using ranges. Tips I only compared with immediate children, not the full range.",Medium,Rejected,Negative
"Company Dell. Role SDE. Experience level Fresher. Coding round question Reverse Linked List using recursion. Tips I lost track of the next pointer and broke the list.",Easy,Rejected,Negative
"Company HP. Role R&D. Experience level Mid. Coding round question Check Balanced Binary Tree using recursion. Tips My height calculation function was O(N^2) instead of O(N).",Easy,Rejected,Negative
"Company Intel. Role Firmware Engineer. Experience level Mid. Coding round question Set Matrix Zeroes using O(1) space. Tips I couldn't figure out how to use the first row/col as markers.",Medium,Rejected,Negative
"Company AMD. Role Design Engineer. Experience level Fresher. Coding round question Reverse Bits using bit manipulation. Tips I was looping 32 times but shifting in the wrong direction.",Easy,Rejected,Negative
"Company NVIDIA. Role System Software. Experience level Mid. Coding round question Implement strStr() using KMP. Tips I tried brute force which TLEd on long strings.",Medium,Rejected,Negative
"Company Qualcomm. Role Engineer. Experience level Fresher. Coding round question Find the Duplicate Number using Floyd's Cycle. Tips I tried sorting but that modified the array which was not allowed.",Medium,Rejected,Negative
"Company Texas Instruments. Role Embedded SW. Experience level Fresher. Coding round question Power of Four using bitwise. Tips I checked for power of two but forgot to check the bit position.",Easy,Rejected,Negative
"Company Micron. Role SDE. Experience level Fresher. Coding round question Hamming Distance using XOR. Tips I didn't know the function to count set bits.",Easy,Rejected,Negative
"Company Western Digital. Role Firmware. Experience level Mid. Coding round question Swap Nodes in Pairs using pointers. Tips Pointer manipulation is my weak spot; I lost the head reference.",Medium,Rejected,Negative
"Company Seagate. Role SDE. Experience level Mid. Coding round question Move Zeroes using in-place. Tips I used a temporary array which violated the space constraint.",Easy,Rejected,Negative
"Company NetApp. Role MTS. Experience level Mid. Coding round question Path Sum II using DFS. Tips I forgot to backtrack (remove the current node) from the list.",Medium,Rejected,Negative
"Company Red Hat. Role Software Engineer. Experience level Mid. Coding round question Simplify Path using stack. Tips I didn't handle the multiple slashes '//' case correctly.",Medium,Rejected,Negative
"Company SAP Labs. Role Developer. Experience level Fresher. Coding round question Reverse Integer using math. Tips I didn't handle the integer overflow check.",Easy,Rejected,Negative
"Company Grab. Role Backend. Experience level Senior. System Design round question Design a Ride Hailing App using geospatial index. Tips I couldn't explain how QuadTrees work.",Hard,Rejected,Negative
"Company Gojek. Role Product Engineer. Experience level Mid. Machine Coding round question Design a Parking Lot using Java. Tips I used static variables everywhere which made it untestable.",Medium,Rejected,Negative
"Company Shopee. Role Server Engineer. Experience level Mid. Coding round question Intersection of Two Linked Lists using pointers. Tips I couldn't match the lengths of the lists correctly.",Easy,Rejected,Negative
